{
    "canvas": { "width": 800, "height": 600 },
    "physics": {
        "gravity": 0.2,
        "friction": 0.85,
        "jumpStrength": -7.0,
        "movementSpeed": 2.0,
        "groundY": 530
    },
    "world": {
        "blockSize": 50,
        "cameraOffsetX": 300,
        "mapBuffer": 1000,
        "removeThreshold": 200,
        "fallResetY": 800
    },
    "scoring": {
        "word": 10,
        "enemy": 5,
        "levelUp": 100,
        "hitPenaltyScale": 0.5,
        "minHitPenalty": 5,
        "maxHitPenalty": 30
    },
    "jump": {
        "bufferFrames": 12,
        "coyoteFrames": 10
    },
    "player": {
        "width": 26,
        "height": 52,
        "maxJumps": 2,
        "maxHp": 10
    },
    "spawn": {
        "floatingPlatformChance": 0.6,
        "floatingItemChance": 0.5,
        "treeChance": 0.2,
        "chestChance": 0.35,
        "itemChance": 0.55,
        "enemyChance": 0.7,
        "wordItemMinGap": 150
    },
    "platforms": {
        "gapChance": 0.16,
        "gapWeights": { "narrow": 0.5, "medium": 0.35, "wide": 0.15 },
        "gapSizes": { "narrow": [1, 2], "medium": [2, 3], "wide": [3, 4] },
        "cloudGapChance": 0.08,
        "cloudHeightMin": 120,
        "cloudHeightMax": 200,
        "cloudPlatformMin": 2,
        "cloudPlatformMax": 4,
        "cloudSpacingMin": 1,
        "cloudSpacingMax": 2,
        "cloudFragileChance": 0.35,
        "fragileBreakDelay": 120,
        "jumpVerbMinAirFrames": 18,
        "movingPlatformChance": 0.15,
        "movingPlatformSpeedMin": 0.4,
        "movingPlatformSpeedMax": 1.1,
        "movingPlatformRangeMult": 0.4,
        "cloudTypeWeights": { "normal": 0.6, "thin": 0.25, "moving": 0.1, "bouncy": 0.05 }
    },
    "enemies": {
        "maxOnScreen": 8,
        "spawnChance": 0.45,
        "difficultyThresholds": [500, 1000, 2000, 3000],
        "bossSpawnScore": 5000
    },
    "difficulty": {
        "damageUnit": 20,
        "invincibleFrames": 120,
        "tiers": [
            { "name": "新手", "minScore": 0, "maxScore": 500, "enemyDamage": 0.8, "enemyHp": 0.85, "enemySpawn": 0.75, "chestSpawn": 1.1, "chestRareBoost": 0.25, "chestRollBonus": 0.08, "scoreMultiplier": 1.0 },
            { "name": "简单", "minScore": 500, "maxScore": 1500, "enemyDamage": 1.0, "enemyHp": 1.0, "enemySpawn": 0.95, "chestSpawn": 1.0, "chestRareBoost": 0.1, "chestRollBonus": 0.04, "scoreMultiplier": 1.0 },
            { "name": "普通", "minScore": 1500, "maxScore": 3000, "enemyDamage": 1.15, "enemyHp": 1.1, "enemySpawn": 1.05, "chestSpawn": 0.95, "chestRareBoost": 0.0, "chestRollBonus": 0.0, "scoreMultiplier": 1.05 },
            { "name": "困难", "minScore": 3000, "maxScore": 5000, "enemyDamage": 1.4, "enemyHp": 1.25, "enemySpawn": 1.2, "chestSpawn": 0.9, "chestRareBoost": -0.1, "chestRollBonus": -0.02, "scoreMultiplier": 1.1 },
            { "name": "地狱", "minScore": 5000, "maxScore": 999999, "enemyDamage": 1.8, "enemyHp": 1.5, "enemySpawn": 1.35, "chestSpawn": 0.85, "chestRareBoost": -0.2, "chestRollBonus": -0.04, "scoreMultiplier": 1.2 }
        ],
        "dda": {
            "enabled": true,
            "lowHpThreshold": 1,
            "lowHpEnemyDamage": 0.7,
            "lowHpEnemySpawn": 0.8,
            "lowHpChestBonus": 0.2,
            "noHitFramesForBoost": 720,
            "noHitEnemyDamage": 1.15,
            "noHitEnemySpawn": 1.1,
            "maxTotalEnemyDamage": 2.2,
            "maxTotalEnemySpawn": 1.6
        }
    },
    "loot": {
        "chestRarities": [
            { "id": "common", "weight": 60 },
            { "id": "rare", "weight": 30 },
            { "id": "epic", "weight": 8 },
            { "id": "legendary", "weight": 2 }
        ],
        "chestTables": {
            "common": [
                { "item": "iron", "weight": 18, "min": 1, "max": 3 },
                { "item": "pumpkin", "weight": 12, "min": 1, "max": 2 },
                { "item": "stick", "weight": 12, "min": 1, "max": 3 },
                { "item": "diamond", "weight": 4, "min": 1, "max": 1 },
                { "item": "coal", "weight": 10, "min": 1, "max": 3 },
                { "item": "arrow", "weight": 10, "min": 2, "max": 6 },
                { "item": "rotten_flesh", "weight": 8, "min": 1, "max": 3 },
                { "item": "flower", "weight": 6, "min": 1, "max": 2 },
                { "item": "mushroom", "weight": 6, "min": 1, "max": 2 },
                { "item": "hp", "weight": 8, "min": 1, "max": 1 },
                { "item": "score", "weight": 7, "min": 10, "max": 25 }
            ],
            "rare": [
                { "item": "diamond", "weight": 6, "min": 1, "max": 1 },
                { "item": "stone_sword", "weight": 7, "min": 1, "max": 1 },
                { "item": "iron_pickaxe", "weight": 5, "min": 1, "max": 1 },
                { "item": "bow", "weight": 4, "min": 1, "max": 1 },
                { "item": "ender_pearl", "weight": 4, "min": 1, "max": 1 },
                { "item": "iron", "weight": 8, "min": 2, "max": 4 },
                { "item": "arrow", "weight": 8, "min": 4, "max": 8 },
                { "item": "hp", "weight": 8, "min": 1, "max": 1 },
                { "item": "score", "weight": 8, "min": 20, "max": 40 }
            ],
            "epic": [
                { "item": "max_hp", "weight": 6, "min": 1, "max": 1 },
                { "item": "diamond", "weight": 6, "min": 1, "max": 2 },
                { "item": "ender_pearl", "weight": 5, "min": 1, "max": 2 },
                { "item": "iron_pickaxe", "weight": 6, "min": 1, "max": 1 },
                { "item": "bow", "weight": 6, "min": 1, "max": 1 },
                { "item": "score", "weight": 8, "min": 40, "max": 80 }
            ],
            "legendary": [
                { "item": "max_hp", "weight": 8, "min": 1, "max": 2 },
                { "item": "diamond", "weight": 8, "min": 2, "max": 3 },
                { "item": "dragon_egg", "weight": 4, "min": 1, "max": 1 },
                { "item": "ender_pearl", "weight": 6, "min": 2, "max": 3 },
                { "item": "score", "weight": 10, "min": 80, "max": 150 }
            ]
        },
        "chestRolls": {
            "twoDropChance": 0.45,
            "threeDropChance": 0.15
        }
    },
    "golems": {
        "maxCount": 3,
        "ironGolem": { "hp": 100, "damage": 20, "speed": 1.5 },
        "snowGolem": { "hp": 50, "damage": 10, "speed": 2.0 }
    }
}
